{
	
	"background": "TitleBackground",
	"music": "TitleMusic",
	"text": [],
	"items": 
	[
		
		{
			
			"type": "text",
			"text":
			{
				
				"text": "Back",
				"font":  {"fontFamily": "chunk", "fontSize": "125px", "color": "#8AF1FF", "highlight": "#F9E113"}
				
			},
			"x": 0.05,
			"y": 0.9,
			"method": "Back",
			"arg": "",
			"display":
			{
				
				"start":
				{
					
					"x": -0.2,
					"y": 0.9,
					"alpha": 0
					
				},
				"animations":
				[
					
					{
						
						"key": "x",
						"start": -0.2,
						"target": 0.05,
						"time": 500
						
					},
					{
						
						"key": "alpha",
						"start": 0,
						"target": 1,
						"time": 500
						
					}
					
				]
				
			}
			
		}
		
	]

}