{
	
	"background": "TitleBackground",
	"music": "TitleMusic",
	"text": [],
	"items": 
	[

		{
			
			"type": "text",
			"text":
			{
				
				"text": "Play",
				"font":  {"fontFamily": "chunk", "fontSize": "125px", "color": "#8AF1FF", "highlight": "#F9E113"}
				
			},
			"x": 0.15,
			"y": 0.5,
			"method": "Play",
			"arg": "",
			"display":
			{
				
				"start":
				{
					
					"x": -0.15,
					"y": 0.5,
					"alpha": 0
					
				},
				"animations":
				[
					
					{
						
						"key": "x",
						"start": -0.15,
						"target": 0.15,
						"time": 500
						
					},
					{
						
						"key": "alpha",
						"start": 0,
						"target": 1,
						"time": 500
						
					}
					
				]
				
			}
			
		},
		{
			
			"type": "text",
			"text":
			{
				
				"text": "Options",
				"font":  {"fontFamily": "chunk", "fontSize": "125px", "color": "#8AF1FF", "highlight": "#F9E113"}
				
			},
			"x": 0.2,
			"y": 0.6,
			"method": "Options",
			"arg": "",
			"display":
			{
				
				"start": 
				{
					
					"x": -0.2,
					"y": 0.6,
					"alpha": 0
					
				},
				"animations":
				[
					
					{
						
						"key": "x",
						"start": -0.2,
						"target": 0.2,
						"time": 500
						
					},
					{
						
						"key": "alpha",
						"start": 0,
						"target": 1,
						"time": 500
						
					}
					
				]
				
			}
			
		}
	]

}