{
	
	"background": "Night",
	"level":
	{
		
		"stages":
		[

			{
				
				"background_param": "5",
				"type": "wave",
				"music": "Level2Music",
				"data":
				{
					
					"duration": 5,
					"spawners": 
					[	
					]
					
				}
				
			},
			{
				
				"background_param": "p5+(-1.666*t)=3=0",
				"type": "scripted",
				"duration": 3,
				"player":
				{
					
					"x": 100,
					"y": 135
					
				},
				"spawns":
				[
					
					{
						
						"key": "PainGirl",
						"xParam": "p480+(-60*t)=3=300",
						"yParam": "135",
						"x": 1,
						"y": 0.5
						
					}
					
				]
				
			},
			{
				
				"background_param": "0",
				"type": "dialogue",
				"script": 
				[
					
					{
						
						"speaker": "AzureDialogue",
						"name": "Azure Burst",
						"lines":
						[
							
							"Where's Penny!? What have you done to her, you sicko?"
							
						],
						"color": "#8AF1FF",
						"right": false
						
					},
					{
						
						"speaker": "PennyBoundDialogue",
						"name": "Penny Sexton",
						"lines":
						[
							
							"Huunngh! Uuughmmmphngh!"
							
						],
						"color": "#FFFFFF",
						"right": true
						
					},
					{
						
						"speaker": "PainDialogue",
						"name": "Pain Girl",
						"lines":
						[
							
							"Oh I've done awful things to her, I've been so very bad.",
							"I deserve a spanking, Ms. Burst, spank me!"
							
						],
						"color": "#F18A8A",
						"right": true
						
					},
					{
						
						"speaker": "AzureDialogue",
						"name": "Azure Burst",
						"lines":
						[
							
							"...",
							"What is wrong with you?"
							
						],
						"color": "#8AF1FF",
						"right": false
						
					}
					
				]
				
			},
			{
				
				"background_param": "0",
				"type": "fight",
				"launch":
				[
					
					{
						
						"key": "PainGirl",
						"count": 1
						
					}
					
				],
				"finish":
				[
					
					{
						
						"key": "PainGirl",
						"required": 1
						
					}
					
				]
				
			},
			{
			
				"background_param": "0",
				"type": "dialogue",
				"script":
				[
					
					{
						
						"speaker": "PainDialogue",
						"name": "Pain Girl",
						"lines":
						[
							
							"OOOOOH YEEEEEEEEEES! AAAAAaaaaaah...~"
							
						],
						"color": "#F18A8A",
						"right": true
						
					},
					{
						
						"speaker": "AzureDialogue",
						"name": "Azure Burst",
						"lines":
						[
							
							"Gross."
							
						],
						"color": "#8AF1FF",
						"right": false
						
					},
					{
						
						"speaker": "PennyDialogue",
						"name": "Penny Sexton",
						"lines":
						[
							
							"kkzzzzk... urst! Come in Azure Burst! Are you there?"
							
						],
						"color": "#FFFFFF",
						"right": true
						
					},
					{
						
						"speaker": "AzureDialogue",
						"name": "Azure Burst",
						"lines":
						[
							
							"Penny? Are you okay?"
							
						],
						"color": "#8AF1FF",
						"right": false
						
					},
					{
						
						"speaker": "PennyDialogue",
						"name": "Penny Sexton",
						"lines":
						[
							
							"Ugh... yeah, I'll survive. Just a little sore in... places.",
							"There's no time to waste. I'm sending you coordinates, we need you there ASAP.",
							"I'll explain on the way!"
							
						],
						"color": "#FFFFFF",
						"right": true
						
					},
					{
						
						"speaker": "AzureDialogue",
						"name": "Azure Burst",
						"lines":
						[
							
							"Got them. On my way."
							
						],
						"color": "#8AF1FF",
						"right": false
						
					}
					
				]
				
			}
		
		]
	}
	
}